Workbook

Sheet Guide
A1: 고수 종목 겹치기 실전 체크 시스템
A2: 버전 | B2: 샘플 3일치 입력본
A3: 파일 목적 | B3: 시황 -> 섹터 -> 종목 -> 매매계획 -> 복기의 순서로 종목을 압축하도록 만든 실전 체크용 엑셀입니다.
A4: 권장 사용 흐름 | B4: ① Settings 입력 -> ② Checklist로 루틴 점검 -> ③ Market/Sector/Stocks 작성 -> ④ Plan 수립 -> ⑤ Journal 기록 -> ⑥ Dashboard/Training 복기
A5: 핵심 원칙 | B5: 종목부터 보지 말고 시장/섹터부터 보고, 대장주냐 2등주냐보다 '지금 내가 먹을 구간'이 있는지를 먼저 판단합니다.
A7: 시트별 사용법
A8: 시트명 | B8: 무엇을 하는 곳인가 | C8: 언제 쓰나 | D8: 핵심 포인트
A9: Settings | B9: 총 시드, 1회 최대 리스크, 목표수익, 손절, 가중치 설정 | C9: 가장 먼저 | D9: 파란 글씨 셀만 수정
A10: Checklist | B10: 저녁 준비/아침 대응/복기 루틴 점검 | C10: 매일 1회 | D10: 체크 점수 80% 이상 목표
A11: Market | B11: 미국장, 유가, 반도체, 거시변수, 시장 결론 기록 | C11: 매 거래일 | D11: 시황 점수부터 기록
A12: Sector | B12: 후보 섹터 1~5개 평가 후 최종 1~2개 압축 | C12: 매 거래일 | D12: 이유를 한 줄로 적기
A13: Stocks | B13: 후보 종목을 0~2점 기준으로 점수화 | C13: 매 거래일 | D13: 총점 80점 이상 우선
A14: Plan | B14: 진입가/손절가/목표가/수량/손익비 설계 | C14: 매수 전 | D14: 손절 기준 먼저 작성
A15: Journal | B15: 실제 체결, 감정, 규칙 위반, 잘한 점/개선점 기록 | C15: 매매 후 | D15: 당일 바로 작성
A16: Dashboard | B16: 승률, 평균수익률, 누적손익, 주차별·섹터별 요약 | C16: 주 1회 | D16: 숫자로 점검
A17: Training | B17: 30일 훈련 루틴과 완료 여부 체크 | C17: 하루 1칸 | D17: 완료율 90% 목표
A20: 색상 규칙
A21: 색상 표시 | B21: 의미 | C21: 설명
A22: 파란 글씨 | B22: 직접 입력값 | C22: 사용자가 바꾸는 값
A23: 검은 글씨 | B23: 자동 계산/기록 | C23: 공식 또는 고정값
A24: 회색 배경 | B24: 설명/고정 텍스트 | C24: 가이드 영역
A25: 연보라 배경 | B25: 설정/제어 구간 | C25: 리스크, 가중치, 프로필
A26: 연노랑 배경 | B26: 핵심 KPI | C26: 당일 결론, 최종 후보
A27: 연주황 배경 | B27: 주의/확인 필요 | C27: 재검토 항목
A28: 연빨강 배경 | B28: 손실/위반/경고 | C28: 규칙 위반, 손절 경고

Sheet Settings
A1: 기본 설정
A3: 항목 | B3: 값 | C3: 단위 | D3: 설명 | E3: 메모
A4: 총 시드 | B4: 10000000 | C4: 원 | D4: 총 운용 자금 | E4: 입력
A5: 1회 최대 리스크 | B5: 100000 | C5: 원 | D5: 한 번 틀렸을 때 감수할 최대 손실 | E5: 입력
A6: 1회 최대 투입비중 | B6: 20 | C6: % | D6: 한 종목 최대 진입 비중 | E6: 입력
A7: 1차 익절 목표 | B7: 1.5 | C7: % | D7: 시초 강세 시 우선 익절 구간 | E7: 입력
A8: 최대 손절 기준 | B8: -1 | C8: % | D8: 규칙상 손절 기준 | E8: 입력
A9: 후보 종목 수 | B9: 3 | C9: 개 | D9: 매일 압축할 종목 수 | E9: 입력
A10: 체크리스트 목표점수 | B10: 80 | C10: % | D10: 이 미만이면 쉬거나 비중 축소 | E10: 입력
A11: 시장 점수 가중치 | B11: 30 | C11: % | D11: 시장 해석의 중요도 | E11: 입력
A12: 섹터 점수 가중치 | B12: 20 | C12: % | D12: 섹터 선정 중요도 | E12: 입력
A13: 종목 점수 가중치 | B13: 50 | C13: % | D13: 종목 압축 중요도 | E13: 입력

Sheet Checklist
A1: 일일 루틴 체크리스트
I2: 총점 | J2: =SUM(D4:D18)*100
A3: 구분 | B3: 체크 항목 | C3: 완료(Y/N) | D3: 점수 | E3: 중요도 | F3: 시간대 | G3: 메모 | I3: 판정 | J3: =IF(J2>=80,"실행 가능","관망/비중축소")
A4: 저녁 | B4: 미국장 방향 확인 | D4: =IF(C4="Y",20/15,0) | E4: 5 | F4: 저녁
A5: 저녁 | B5: 나스닥/반도체 강약 확인 | D5: =IF(C5="Y",20/15,0) | E5: 5 | F5: 저녁
A6: 저녁 | B6: 유가/금리/환율 확인 | D6: =IF(C6="Y",20/15,0) | E6: 4 | F6: 저녁
A7: 저녁 | B7: 내일 시장 한 줄 결론 작성 | D7: =IF(C7="Y",20/15,0) | E7: 5 | F7: 저녁
A8: 저녁 | B8: 강세 예상 섹터 1~2개 압축 | D8: =IF(C8="Y",20/15,0) | E8: 5 | F8: 저녁
A9: 저녁 | B9: 후보 종목 3개 이내 압축 | D9: =IF(C9="Y",20/15,0) | E9: 5 | F9: 저녁
A10: 저녁 | B10: 종목별 매수 이유 1줄 작성 | D10: =IF(C10="Y",20/15,0) | E10: 4 | F10: 저녁
A11: 저녁 | B11: 손절 기준 선작성 | D11: =IF(C11="Y",20/15,0) | E11: 5 | F11: 저녁
A12: 아침 | B12: 전제가 유효한지 재확인 | D12: =IF(C12="Y",20/15,0) | E12: 5 | F12: 아침
A13: 아침 | B13: 시초 강/약 비교 | D13: =IF(C13="Y",20/15,0) | E13: 4 | F13: 아침
A14: 아침 | B14: 계획된 매도/손절 실행 | D14: =IF(C14="Y",20/15,0) | E14: 5 | F14: 아침
A15: 복기 | B15: 실제 강했던 섹터 기록 | D15: =IF(C15="Y",20/15,0) | E15: 4 | F15: 매매 후
... A18: 복기 | B18: 내일 수정점 1개 작성 | D18: =IF(C18="Y",20/15,0) | E18: 4 | F18: 매매 후

Sheet Market
A1: 시장 체크
A3: 날짜 | B3: 미국장 | C3: 나스닥 | D3: 반도체 | E3: 유가 | F3: 금리/환율 | G3: 주요 이슈 | H3: 내일 시장 한 줄 결론
A4: 2026-03-16 | B4: 강세 | C4: 강세 | D4: 강세 | E4: 보합 | F4: 안정 | G4: 미국 반도체 강세 | H4: 반도체 중심 반등 가능
A5: 2026-03-17 | B5: 약세 | C5: 약세 | D5: 보합 | E5: 급등 | F5: 불안 | G5: 유가 급등/중동 긴장 | H5: 방산·정유 우선, 성장주 보수
A6: 2026-03-18 | B6: 반등 | C6: 반등 | D6: 강세 | E6: 하락 | F6: 안정 | G6: 지수 급락 후 반등 | H6: 낙폭과대 대형주 단타

Sheet Sector
A1: 섹터 선정
A3: 날짜 | B3: 섹터 | C3: 선정 이유 | D3: 거시연동 | E3: 거래대금 | F3: 지속성 | G3: 대체거래 적합 | H3: 총점 | I3: 최종여부
A4: 2026-03-16 | B4: 반도체 | C4: 미국 반도체 강세 | D4: 5 | E4: 5 | F4: 4 | G4: 4 | H4: =SUM(D4:G4) | I4: Y
A5: 2026-03-16 | B5: 방산 | C5: 보조 후보 | D5: 3 | E5: 3 | F5: 3 | G5: 2 | H5: =SUM(D5:G5) | I5: N
A6: 2026-03-17 | B6: 방산 | C6: 유가 급등 수혜 | D6: 5 | E6: 4 | F6: 4 | G6: 3 | H6: =SUM(D6:G6) | I6: Y
A7: 2026-03-17 | B7: 정유 | C7: 유가 연동 | D7: 4 | E7: 4 | F7: 3 | G7: 3 | H7: =SUM(D7:G7) | I7: Y
A8: 2026-03-18 | B8: 반도체 | C8: 낙폭과대 반등 | D8: 4 | E8: 5 | F8: 3 | G8: 4 | H8: =SUM(D8:G8) | I8: Y

Sheet Stocks
A1: 종목 압축 점수화
A3: 날짜 | B3: 섹터 | C3: 종목 | D3: 재료 | E3: 거래대금 | F3: 외국인 | G3: 기관 | H3: 프로그램 | I3: 차트자리 | J3: 초입성 | K3: 기대감 | L3: 총점 | M3: 순위 | N3: 최종후보
A4: 2026-03-16 | B4: 반도체 | C4: 삼성전자 | D4: 미국 반도체 강세 | E4: 2 | F4: 2 | G4: 1 | H4: 1 | I4: 2 | J4: 1 | K4: 2 | L4: =SUM(E4:K4) | M4: =RANK(L4,$L$4:$L$8,0) | N4: Y
A5: 2026-03-16 | B5: 반도체 | C5: SK하이닉스 | D5: 반도체 동반 강세 | E5: 2 | F5: 2 | G5: 2 | H5: 1 | I5: 2 | J5: 1 | K5: 2 | L5: =SUM(E5:K5) | M5: =RANK(L5,$L$4:$L$8,0) | N5: Y
A6: 2026-03-16 | B6: 방산 | C6: LIG넥스원 | D6: 보조 후보 | E6: 1 | F6: 1 | G6: 1 | H6: 1 | I6: 1 | J6: 1 | K6: 1 | L6: =SUM(E6:K6) | M6: =RANK(L6,$L$4:$L$8,0) | N6: N
A7: 2026-03-17 | B7: 방산 | C7: 한화에어로스페이스 | D7: 유가/전쟁 이슈 | E7: 2 | F7: 2 | G7: 2 | H7: 2 | I7: 2 | J7: 1 | K7: 2 | L7: =SUM(E7:K7) | M7: =RANK(L7,$L$4:$L$8,0) | N7: Y
A8: 2026-03-17 | B8: 정유 | C8: 흥구석유 | D8: 유가 급등 | E8: 2 | F8: 1 | G8: 1 | H8: 1 | I8: 2 | J8: 2 | K8: 2 | L8: =SUM(E8:K8) | M8: =RANK(L8,$L$4:$L$8,0) | N8: Y

Sheet Plan
A1: 매매 계획
A3: 날짜 | B3: 종목 | C3: 진입 이유 1줄 | D3: 진입가 | E3: 손절가 | F3: 1차 목표가 | G3: 2차 목표가 | H3: 투입금액 | I3: 분할 계획 | J3: 아침 체크포인트
A4: 2026-03-16 | B4: 삼성전자 | C4: 반도체 강세 연동 | D4: 71000 | E4: 70300 | F4: 72000 | G4: 72600 | H4: 1500000 | I4: 50%-50% | J4: 시초 강세면 1차 매도
A5: 2026-03-17 | B5: 한화에어로 | C5: 유가 급등 + 방산수급 | D5: 390000 | E5: 384000 | F5: 397000 | G5: 402000 | H5: 1500000 | I5: 30%-30%-40% | J5: 끝물 여부 확인
A6: 2026-03-18 | B6: SK하이닉스 | C6: 낙폭과대 반등 | D6: 198000 | E6: 195000 | F6: 201500 | G6: 204000 | H6: 1500000 | I6: 50%-50% | J6: 대형주 반등 유지 확인

Sheet Journal
A1: 매매 일지
A3: 날짜 | B3: 종목 | C3: 실제 진입가 | D3: 실제 청산가 | E3: 수익률(%) | F3: 규칙 준수 | G3: 감정 | H3: 잘한 점 | I3: 놓친 점 | J3: 수정할 점 1개 | K3: 한 줄 총평
A4: 2026-03-17 | B4: 삼성전자 | C4: 71050 | D4: 72050 | E4: =(D4-C4)/C4*100 | F4: Y | G4: 차분 | H4: 시황이 맞았다 | I4: 하이닉스 비중 비교 부족 | J4: 대장주-후발주 비교 먼저 | K4: 계획대로 매도
A5: 2026-03-18 | B5: 한화에어로 | C5: 389500 | D5: 396000 | E5: =(D5-C5)/C5*100 | F5: Y | G5: 보통 | H5: 손절 기준 선작성 | I5: 정유 대안 비교 부족 | J5: 후발주도 같이 보기 | K5: 무리 없이 수익
A6: 2026-03-19 | B6: SK하이닉스 | C6: 198500 | D6: 196000 | E6: =(D6-C6)/C6*100 | F6: N | G6: 조급 | H6: 시초 체크는 했다 | I6: 손절이 늦었다 | J6: 손절 자동화 훈련 | K6: 규칙 위반 손실

Sheet Dashboard
A1: 성과 요약 대시보드
A3: KPI | B3: 값 | C3: 해석 | D3: 비고
A4: 총 매매 수 | B4: =COUNTA(Journal!A4:A21) | C4: 기록된 매매 수
A5: 승률(%) | B5: =IFERROR(COUNTIF(Journal!E4:E21,">0")/COUNT(Journal!E4:E21)*100,0) | C5: 양수익 거래 비율
A6: 평균 수익률(%) | B6: =IFERROR(AVERAGE(Journal!E4:E21),0) | C6: 건당 평균 수익률
A7: 누적 수익률(%) | B7: =SUM(Journal!E4:E21) | C7: 단순 합산 수익률
A8: 규칙 준수율(%) | B8: =IFERROR(COUNTIF(Journal!F4:F21,"Y")/COUNTA(Journal!F4:F21)*100,0) | C8: 규칙 지킨 비율
A9: 체크리스트 평균점수 | B9: =IFERROR(AVERAGE(Checklist!D4:D18)*15,0) | C9: 일일 실행 준비도
A12: 주간/월간 메모
A13: 이번 주 잘한 점 | C13: 이번 주 개선점

Sheet Training
A1: 30일 훈련표
A3: Day | B3: 훈련 주제 | C3: 완료 | D3: 복기 | E3: 점수 | F3: 메모 | H3: 완료율 | I3: =COUNTIF(C4:C33,"Y")/30*100
A4: 1 | B4: 미국장/나스닥/반도체 체크 | C4: Y | D4: Y | E4: 90 | F4: 기본 흐름 이해 | H4: 평균점수 | I4: =IFERROR(AVERAGE(E4:E33),0)
A5: 2 | B5: 유가/금리/환율 읽기 | C5: Y | D5: Y | E5: 85 | F5: 거시변수 연결 시작
A6: 3 | B6: 시장 한 줄 결론 쓰기 | C6: Y | D6: Y | E6: 88 | F6: 한 줄 결론 훈련
A7: 4 | B7: 섹터 2개 압축
A8: 5 | B8: 후보 종목 3개 이내
A9: 6 | B9: 재료 한 줄 설명
A10: 7 | B10: 거래대금 비교
A11: 8 | B11: 외국인/기관 수급 비교
A12: 9 | B12: 대장주 vs 후발주 비교
A13: 10 | B13: 시세 초입/끝물 구분
A14: 11 | B14: 손절 기준 선작성
A15: 12 | B15: 익절 기준 선작성
A16: 13 | B16: 아침 시나리오 재검토
A17: 14 | B17: 계획 매도 실행
A18: 15 | B18: 손절 지연 방지
... A33: 30 | B33: 30일 총정리
